{
	"Pos": {
		"Coordinates": [
			3,
			3,
			3
		]
	},
	"Look": {
		"Coordinates": [
			0.7071067811865475,
			0,
			-0.7071067811865475
		]
	},
	"Up": {
		"Coordinates": [
			0,
			1,
			0
		]
	},
	"Right": {
		"Coordinates": [
			-0.7071067811865476,
			0,
			-0.7071067811865476
		]
	}
}