{
	"Pos": {
		"Coordinates": [
			0,
			1,
			3.2
		]
	},
	"Look": {
		"Coordinates": [
			0,
			0.7071067811865476,
			-0.7071067811865476
		]
	},
	"Up": {
		"Coordinates": [
			0,
			0.7071067811865476,
			0.7071067811865476
		]
	},
	"Right": {
		"Coordinates": [
			-1,
			0,
			0
		]
	}
}